Barcode,Cluster
AAACAAGTATCTCCCA-1,1
AAACGAGACGGTTGAT-1,1
AAACTGCTGGCTCCAA-1,1
AAAGGGATGTAGCAAG-1,4
AAAGGGCAGCTTGAAT-1,2
AAAGTGTGATTTATCT-1,1
AAAGTTGACTCCCGTA-1,1
AAATACCTATAAGCAT-1,4
AAATAGGGTGCTATTG-1,1
AAATCGTGTACCACAA-1,1
AAATCTAGCCCTGCTA-1,1
AAATGCTCGTTACGTT-1,3
AAATGGCATGTCTTGT-1,5
AAATGGTCAATGTGCC-1,2
AAATTAACGGGTAGCT-1,2
AAATTACCTATCGATG-1,5
AACAACTGGTAGTTGC-1,2
AACAATTACTCTACGC-1,2
AACACACGCTCGCCGC-1,1
AACAGGAAATCGAATA-1,1
AACAGGATGGGCCGCG-1,2
AACCATGGGATCGCTA-1,3
AACCCAGAGACGGAGA-1,3
AACCCTACTGTCAATA-1,1
AACCGAGCTTGGTCAT-1,1
AACCGCTAAGGGATGC-1,1
AACCGTTGTGTTTGCT-1,5
AACGATAATGCCGTAG-1,1
AACGATAGAAGGGCCG-1,1
AACGATATGTCAACTG-1,1
AACGCGAACGGCAACA-1,2
AACGCGGTCTCCAGCC-1,1
AACGCTGTTGCTGAAA-1,1
AACGGACGTACGTATA-1,1
AACGTCAGACTAGTGG-1,3
AACGTGCGAAAGTCTC-1,4
AACTCAAGTTAATTGC-1,2
AACTCGATGGCGCAGT-1,3
AACTCTCAATAGAGCG-1,1
AACTGATATTAGGCCT-1,5
AACTGGGTCCCGACGT-1,1
AACTTCTGCGTCTATC-1,2
AACTTGCCCGTATGCA-1,2
AACTTGCGTTCTCGCG-1,3
AAGAAGGATCAGTTAG-1,3
AAGACTGCAAGCTACT-1,4
AAGAGATGAATCGGTA-1,2
AAGAGCTCTTTATCGG-1,1
AAGAGGCATGGATCGC-1,1
AAGATTGGCGGAACGT-1,1
AAGCATACTCTCCTGA-1,1
AAGCTAGATCGAGTAA-1,4
AAGCTCGTGCCAAGTC-1,4
AAGGAGCGGTTGGTGC-1,2
AAGGATGAGGGACCTC-1,1
AAGGCGCGTAAAGCTT-1,3
AAGGCTGTGCTCATCG-1,2
AAGGGACAGATTCTGT-1,5
AAGGTATCCTAATATA-1,1
AAGGTGATAAACCAGC-1,1
AAGTAGAAGACCGGGT-1,2
AAGTAGTGACGCGAGG-1,2
AAGTCAATTGTCGTCA-1,1
AAGTGCCTTGACTGTA-1,5
AAGTGTTTGGAGACGG-1,1
AAGTTCACTCCAAGCT-1,1
AATACAATGTTTCAGG-1,2
AATAGAATCTGTTTCA-1,1
AATCATGTAAAGACTC-1,5
AATCCATGCAAGGGTG-1,2
AATCGCCTCAGCGCCA-1,1
AATCTGCGTTGGGACG-1,1
AATGACGTAGGATGTC-1,1
AATGACTGTCAGCCGG-1,3
AATGAGTTCGCATATG-1,3
AATGCAACCGGGTACC-1,4
AATGGTTCTCACAAGC-1,3
AATTAAAGGTCGGCGT-1,2
AATTCATAAGGGATCT-1,5
AATTCTAGAGTTAGGC-1,4
AATTGAACGCTCTGGT-1,1
ACAAATCGCACCGAAT-1,1
ACAAATGGTAGTGTTT-1,1
ACAACAGCATGAGCTA-1,1
ACAACGGTCCCTGCGA-1,3
ACAAGCAGTGCCTAGC-1,2
ACAAGGAAATCCGCCC-1,1
ACAAGGACAAGAGGTT-1,3
ACAAGGGCAGGCTCTG-1,1
ACAATTGTGTCTCTTT-1,1
ACAATTTGAGCAGTGG-1,1
ACACAAAGACGGGTGG-1,4
ACACACCAGGACCAGT-1,1
ACACACTTTCTACACG-1,5
ACACCCAGCATGCAGC-1,2
ACACCCGAGAAATCCG-1,3
ACACCTTAAGTAGGGC-1,3
ACACGAGACTCCTTCT-1,1
ACACGGGAACTTAGGG-1,1
ACACTCCAATGTCACT-1,2
ACAGGCTTGCCCGACT-1,1
ACATAATAAGGCGGTG-1,1
ACATCCTGGTAACTGT-1,1
ACATCGATCGTTTACC-1,4
ACATCGTATGCAATGG-1,1
ACATGGCGCCAAAGTA-1,5
ACCAAGAACGCGTGTC-1,2
ACCAATATGCAAGTTA-1,1
ACCACAAGTTTCTATC-1,2
ACCACGTGCAGCTATA-1,1
ACCAGTGCGGGAGACG-1,1
ACCATATCCGCAATAA-1,2
ACCCAACGCCCGTGGC-1,1
ACCCACCTACATGCTC-1,2
ACCCATCTTGAGGGTA-1,2
ACCCGGATGACGCATC-1,5
ACCCGGTTACACTTCC-1,2
ACCCTATAGGACTGAG-1,3
ACCCTCCCTTGCTATT-1,1
ACCCTTCATCTGCGAA-1,5
ACCGACTGAGTCCCAC-1,4
ACCGATGGTAGCATCG-1,1
ACCGCAATAACTGCCT-1,1
ACCGCGGTGGAAGTCG-1,5
ACCGGGCCTTTGTTGA-1,1
ACCTAATCGACTTCCT-1,2
ACGAAATGGGCGGCAC-1,2
ACGATACATAGAACTA-1,1
ACGATCATACATAGAG-1,4
ACGATCATCTTGTAAA-1,1
ACGATGCATATGTTAT-1,2
ACGCATTCGTGAGTAC-1,4
ACGCCAGATGATTTCT-1,1
ACGCCGCTAGACGACC-1,1
ACGCGGGCCAAGGACA-1,1
ACGGAATTTAGCAAAT-1,3
ACGGCGACGATGGGAA-1,1
ACGTAGATTGCTGATG-1,4
ACGTATTACTCCGATC-1,1
ACGTGCGCCTCGTGCA-1,1
ACGTTAATGTCGAAGA-1,4
ACGTTAGATTTGCCCG-1,2
ACGTTATTGGTCACTC-1,4
ACGTTTAGTTGTGATC-1,5
ACTACCAGCTCTCTGG-1,3
ACTAGTTGCGATCGTC-1,5
ACTATCGCCGGCTAAA-1,4
ACTATTCGTCCGTGGT-1,5
ACTCAATAAAGGCACG-1,1
ACTCCCTAGAATAGTA-1,4
ACTCGATGTATTTCAT-1,4
ACTCGTCAGTAATCCC-1,1
ACTCTCTGACTTAGGT-1,1
ACTCTTGTATAGTAAC-1,4
ACTGAATGGCGAAAGT-1,1
ACTGCCGTCGTAACTC-1,1
ACTGTACGATACACAT-1,1
ACTGTAGCACTTTGGA-1,3
ACTGTATACGCGAGCA-1,2
ACTGTCCAGGATTATA-1,2
ACTGTCTTCTTTAGAA-1,4
ACTGTGCTAGTAGATC-1,3
ACTTAGTACGACAAGA-1,3
ACTTATACTTACCCGG-1,1
ACTTATTAGGATCGGT-1,2
ACTTATTTATGTGCCA-1,1
ACTTCAGGCTGATCCC-1,1
ACTTCGCCATACGCAC-1,1
ACTTGACTCCCTCTTT-1,1
ACTTGGGACCCGGTGG-1,2
ACTTTCCTATAGCTTC-1,4
AGAACGTGGTACATTC-1,1
AGAAGAGCGCCGTTCC-1,1
AGAATTATGGATTCGA-1,5
AGAATTGTTTGACATA-1,3
AGACCATGGGATACAA-1,3
AGACCCACCGCTGATC-1,4
AGACCCGCCCTCCTCG-1,4
AGACGAAGTGCCGGTC-1,1
AGACTAGCCTTCCAGA-1,2
AGAGAACCGTCTAGGA-1,5
AGAGCGGGCTAATCAT-1,1
AGAGCGTACAAGCTCG-1,2
AGAGCTACGAAAGCAT-1,3
AGAGGCTTCGGAAACC-1,5
AGAGTAAACTTCACTA-1,5
AGATAACTTCAGGGCC-1,2
AGATACGACTTCATAT-1,3
AGATACTCAAGATCGA-1,1
AGATCTCAGGTGTGAT-1,1
AGATGACTCGCCCACG-1,4
AGATTATAGGACGTTT-1,2
AGCAACATATCTTATT-1,1
AGCACCAGTACTCACG-1,4
AGCACTACCTCACCAG-1,1
AGCACTTAAGGACGCC-1,2
AGCATATCAATATGCT-1,1
AGCATCGTCGATAATT-1,2
AGCCACTCCCGTGCTT-1,5
AGCCCTAAGCGAAGTT-1,1
AGCGACATCCCATTCA-1,1
AGCGACCAACGATATT-1,2
AGCGCGGGTGCCAATG-1,5
AGCGGGAAGGGTCCAT-1,3
AGCGTACGAGAGCTAG-1,2
AGCGTGGTATTCTACT-1,4
AGCTATTTAATCCAAC-1,5
AGCTCCTTCGCACATC-1,1
AGCTCTAGACGTTCCA-1,4
AGCTCTTTACTCAGTT-1,2
AGCTGAAGTAAACCAA-1,5
AGGACAGTCGAATCCC-1,1
AGGACATCGCACGTCG-1,3
AGGAGGCCTTCGCGCG-1,1
AGGATATAGGGATTTA-1,1
AGGCAGATGCGTAAAC-1,5
AGGCATTGTCGTAGGG-1,1
AGGCCACCCGTTATGA-1,3
AGGCCCATTGTACAGG-1,1
AGGCTATGGTTAGCTT-1,2
AGGCTTGCTAGACACC-1,2
AGGGCGTGATCGGCTA-1,2
AGGGCTGCAGTTACAG-1,4
AGGGTCGATGCGAACT-1,1
AGGGTGCTCTCGAGGG-1,1
AGGGTTCCCTTTGGTT-1,1
AGGGTTTAGTTCGGGA-1,4
AGGTAACCTCCTATTC-1,2
AGGTAGGTACAAAGCT-1,2
AGGTTGAGGCACGCTT-1,1
AGGTTTCACACACCTT-1,4
AGTAATGTCTTGCCGC-1,1
AGTACGGGCACCTGGC-1,1
AGTACTCTTATGCCCA-1,1
AGTATAATACTAGGCA-1,3
AGTCAACACCACCATC-1,2
AGTCAAGATGACACTT-1,1
AGTCAGCCACCGCCTG-1,3
AGTCCATTGGCTGATG-1,1
AGTCGACGGTCTCAAG-1,1
AGTCGGCCCAAACGAC-1,3
AGTCTGGACATCCTTG-1,2
AGTCTTCTCCTCAAAT-1,1
AGTGAACAAACTTCTC-1,5
AGTGACCTACTTTACG-1,2
AGTGAGACTTCCAGTA-1,1
AGTGATTCAAGCAGGA-1,1
AGTGCACGCTTAAGAA-1,1
AGTGCTTGCACGAATA-1,1
AGTGTGGTCTATTGTG-1,2
AGTTAAACACTTGCGA-1,2
AGTTAAGCGGTCCCGG-1,5
AGTTCCTACAGAATTA-1,2
AGTTCCTATTTATGTT-1,4
AGTTCTGCGTTGTATC-1,3
AGTTGACATCGGCTGG-1,3
AGTTGCTGACTGATAT-1,3
AGTTTCGCAGGTCGGA-1,1
AGTTTGGCACGGGTTG-1,5
ATAAACGGACCCGTAA-1,4
ATAAAGGCTCGGTCGT-1,2
ATAACGCCGGAGGGTC-1,1
ATAACGGAGTCCAACG-1,1
ATAAGGTGGAGAACAT-1,4
ATAATACCGTTAGCCG-1,3
ATAATAGCTGTTGAAT-1,4
ATAATAGTGTAGGGAC-1,3
ATACGCCGGCGAAACC-1,1
ATACGGGTTTCGATTG-1,5
ATACGTACTTAGCCAC-1,1
ATACGTCCACTCCTGT-1,1
ATACTAGCATGACCCT-1,4
ATACTCTCGCCACTCT-1,2
ATAGACAACGGGACCT-1,1
ATAGACGAAGAGAAAG-1,2
ATAGAGTACTGGGACA-1,2
ATAGAGTTATCAACTT-1,1
ATAGCCTCAGTACCCA-1,2
ATAGGGATATCCTTGA-1,1
ATAGGTTGGGCAGATG-1,4
ATAGTGAAGCGTTCTC-1,2
ATAGTTCCACCCACTC-1,5
ATATAAATGTAGCTGC-1,1
ATATCTTAGGGCCTTC-1,4
ATATGTCTCCCTAGCC-1,1
ATATTCCACATAGTGA-1,1
ATATTCCCACAGGTCA-1,5
ATATTGCTGTCAAAGT-1,3
ATATTTAACCCTCAAG-1,2
ATCAAACACTGTTCCA-1,5
ATCAATCTGGGCTGCA-1,4
ATCACATTAGAATATC-1,5
ATCACTTCATCCTCGC-1,1
ATCAGTAGGCAGGGAT-1,5
ATCATCCAATATTTGT-1,2
ATCCAACGCAGTCATA-1,3
ATCCAGGATTCGTGAA-1,2
ATCGACCCAATACAGA-1,4
ATCGACTCTTTCCGTT-1,1
ATCGCACGCCGGGAGA-1,4
ATCGCCAGTCAACATT-1,1
ATCGGAGACAGACGGC-1,1
ATCTCCCTGCAATCTA-1,1
ATCTGATAGTGTCTTA-1,4
ATCTGGTTAAGACTGT-1,1
ATCTGTAATTGTACCC-1,1
ATCTTGACCTGCAACG-1,3
ATGAAGCCAAGGAGCC-1,3
ATGACGCCGGCTCTAA-1,1
ATGACTATGCGACATT-1,1
ATGAGGAGTGTTAATC-1,3
ATGATCGGGAATAGAC-1,4
ATGCACCTTCCTTAAT-1,4
ATGCACTACCGCATTG-1,2
ATGCATGATCCAGGAT-1,4
ATGCCATTTGCGACCA-1,1
ATGCCGGTCTTGCATA-1,1
ATGCCGGTTGATGGGA-1,5
ATGCGACAGTCCCATT-1,4
ATGCGAGTCCCACCAC-1,5
ATGCTCAGTGTTGCAT-1,3
ATGGAGCAGGCCGTGA-1,4
ATGGATCCGGCGTCCG-1,1
ATGGATTGACCAAACG-1,4
ATGGGCCTCGGCCTCT-1,1
ATGGTCGCGTGGTTTC-1,1
ATGTCATTTCCCATTG-1,4
ATGTGCATCCGACGCA-1,4
ATGTGGACATCTTGAT-1,4
ATGTTACGAGCAATAC-1,3
ATTAAACATGCGGACC-1,4
ATTAACACCTGAGATA-1,4
ATTAATACTACGCGGG-1,1
ATTAATGAACCAGTCG-1,1
ATTAATTCGGTCACTC-1,1
ATTACTAGCCTCTTGC-1,3
ATTAGATTGATAGCGG-1,2
ATTAGGCGATGCTTTC-1,4
ATTATACTTTGCTCGT-1,1
ATTATGCCATAGGGAG-1,2
ATTCAGTAGCAGGGTC-1,2
ATTCATATACTGTCCA-1,4
ATTCCCACATAAACAA-1,2
ATTCCTCCGCCAGTGC-1,3
ATTCCTTCCAGGCGGT-1,3
ATTGAAGATCTTAGTG-1,2
ATTGATAGCAACGAGA-1,3
ATTGATGAGTCCTAAC-1,1
ATTGCGATCAGTAACT-1,5
ATTGCTGCTCCTCCAT-1,2
ATTGTACAACTCGGCT-1,5
ATTTAACTCGTATTAC-1,4
ATTTACAGTTTACTGG-1,3
ATTTGTCTTGGGAGCT-1,1
ATTTGTTCCAGGGCTC-1,1
CAAACGGTCGCACTTT-1,3
CAAATTGTCAGCAAGC-1,1
CAACGACCCGTTTACA-1,2
CAACGGTTCTTGATAC-1,3
CAACTATATCGAATGC-1,5
CAACTCCTTGATCCCG-1,2
CAAGAGGGCGGAGTAC-1,1
CAAGATATTATAACGT-1,1
CAAGCAACGTCGGAGT-1,2
CAAGCACCAAATGCCT-1,1
CAAGCGGCACATAATT-1,1
CAAGGATCGCATGTTC-1,4
CAAGTGTGGTTGCAAA-1,1
CAATAAACCTTGGCCC-1,1
CAATCCTGCCGTGGAG-1,3
CAATGCGAGAAGTATC-1,1
CAATGGATCTCTACCA-1,1
CAATTAAGGGTGATGA-1,4
CAATTTCGTATAAGGG-1,4
CACAATGAGCTGCTAT-1,1
CACACAGGGATAGATT-1,2
CACACGCGCTGTCTTA-1,1
CACAGCACCCACGGCA-1,2
CACAGCTAGGGAGTGA-1,1
CACATATTAGCAGGAT-1,4
CACATGATTCAGCAAC-1,4
CACATGTTTGGACATG-1,3
CACATTTCTTGTCAGA-1,5
CACCATCGGAGGAGAC-1,5
CACCCACACGTCACCC-1,3
CACCCTAACAAGATCT-1,1
CACCGCCAGAAGGTTT-1,4
CACCTAATAGAGTCGT-1,3
CACCTAATCAGTTTAC-1,1
CACCTCGATGGTGGAC-1,1
CACCTTGCGAAACTCG-1,5
CACCTTGGCGCCTTTG-1,5
CACGAAAGTTAGTCCC-1,2
CACGCACAGCGCAGCT-1,1
CACGCAGCGAGGCTTT-1,2
CACGCGGAACTGTTGC-1,1
CACGTCGGGTTCTAGA-1,4
CACGTTCGTGCTCTAG-1,1
CACGTTTCGTACACAC-1,1
CACTAAAGTTGCCTAT-1,2
CACTCAAGAGCTATGG-1,2
CACTCGAGCTGAACAA-1,1
CACTGTCCAAGTGAGA-1,3
CACTTAATCAGACGGA-1,2
CACTTCGCCACAGGCT-1,3
CACTTCGTCTTATCTC-1,3
CAGAACTTAGCCCTCT-1,1
CAGACCTGTAAGTGTT-1,5
CAGAGCATGAGCTTGC-1,1
CAGATACTAACATAGT-1,3
CAGCAGCCCGTTCCTT-1,1
CAGCAGTCCAGACTAT-1,1
CAGCCTCCTGCAGAGG-1,1
CAGCTCACTGAGACAT-1,2
CAGCTCGACAAGTTAA-1,1
CAGCTCGTGCTTGTGT-1,2
CAGCTTAGTAGGTAGC-1,2
CAGGATATATCGTTGT-1,4
CAGGCCGTTTGGGTGT-1,2
CAGGCGCCATGCTAGG-1,4
CAGTAATCCCTCCCAG-1,3
CAGTAGCCCACGCGGT-1,5
CAGTCTGTATACTGGG-1,4
CAGTGAATAAATGACT-1,5
CAGTGGTTGCACATGA-1,3
CAGTGTCCGCAGAATG-1,3
CAGTGTCGGCTGGCCC-1,1
CAGTTCAAATTGACAC-1,2
CAGTTCCGCGGGTCGA-1,2
CATAACGGACAGTCGT-1,1
CATACAAAGCCGAACC-1,3
CATACGGCGTCTGGGC-1,4
CATACTATGTAATTGT-1,2
CATAGCCGCCCGGGAT-1,2
CATAGTACATTGAGAG-1,5
CATAGTAGCATAGTAG-1,3
CATATAGGTACAGTCA-1,2
CATCATTACCCTGAGG-1,1
CATCCGCAGGCCCGAA-1,3
CATCCTCTCAAAGATC-1,1
CATCGCCCGCGGCCAA-1,2
CATCGGACGGGTTAAT-1,2
CATCTTACACCACCTC-1,5
CATGACTTCGCTGAAT-1,5
CATGATGCACAATTCT-1,1
CATGATGGAAGTTAGC-1,5
CATGCGTTAGACAGAA-1,1
CATGCTGGCTCCAATT-1,5
CATGGCAGGAAGATCG-1,1
CATGGGTATGCCTTAT-1,1
CATGGGTCGGGTGTGG-1,5
CATGGTAAGTAGCGTT-1,1
CATGGTCTAGATACCG-1,4
CATGTAAGAGACATTT-1,1
CATGTCTCATTTATGG-1,1
CATTACGTCGGCCCGT-1,1
CATTATGCTTGTTGTG-1,2
CATTCCCTAAGTACAA-1,3
CATTGTGTGCTAGATC-1,3
CATTTAGCGGACCATG-1,5
CATTTCTAGCAGACTA-1,3
CCAAACAGAACCCTCG-1,3
CCAACGATGCACTGAT-1,2
CCAAGACTTCTGCGAA-1,1
CCAAGCGTAACTCGTA-1,4
CCAAGGAACAGAGAGG-1,2
CCAATAGTGCCGTCGA-1,2
CCAATGTCACAGCAAG-1,2
CCAATTGAATGTTAAT-1,3
CCACAATGTACGTCTT-1,1
CCACACTGAGATATTA-1,2
CCACAGCTGAAATCAT-1,2
CCACAGTACCCATCCT-1,1
CCACCCAAGGAAAGTG-1,4
CCACGAGAAGAGAATC-1,5
CCAGAGACAAAGCCGG-1,2
CCAGATAGTTGAGTGA-1,1
CCAGCCTGGACCAATA-1,4
CCAGGGACGTGGCCTC-1,2
CCAGTAGTCTGATCCA-1,1
CCAGTCCATTATTCGA-1,3
CCAGTCTAGACGGCGC-1,5
CCATAAACAACCCGAC-1,5
CCATAGGTTGGCGTGG-1,1
CCATAGTCAGTAACCC-1,3
CCATCCATACCAAGTC-1,3
CCATCTCACCAGTGAA-1,1
CCATGCCTGTTTAGTA-1,2
CCATGCTCTGCAGGAA-1,3
CCATTAGCGATAATCC-1,2
CCATTCCCTGCCCACA-1,2
CCCAAACATGCTGCTC-1,1
CCCAGTTAAGGCGCCG-1,1
CCCGACCATAGTCCGC-1,1
CCCGCAGCGCGAACTA-1,4
CCCGCCATGCTCCCGT-1,3
CCCGCGCAATGCACCC-1,3
CCCGGTGGAAGAACCT-1,2
CCCGTCAGCGTCTGAC-1,2
CCCTAGTGTCAGGTGT-1,3
CCCTCATTCTGGAATT-1,2
CCCTGAAATGAGTTGA-1,2
CCCTGATGTAACTCGT-1,3
CCGAAAGTGGTGAGCA-1,3
CCGAACCTTCCCGGCC-1,4
CCGAAGTATATTGTTC-1,2
CCGACAAACACATGAG-1,2
CCGATCTCAACCTTAT-1,5
CCGCACAAAGACCAAC-1,4
CCGCACGTGACCTCGG-1,2
CCGCCGGTCAACACAC-1,1
CCGCGGGTACGAAGAA-1,2
CCGCGTAGGTAAGGGC-1,2
CCGCTATCAGCACCAG-1,4
CCGGAATGGTTTCAGT-1,3
CCGGCGCATATTGGAT-1,2
CCGGGACCCGCAGAGA-1,4
CCGGGCGGTCTCGTCA-1,1
CCGGGCTGCTCCATAC-1,1
CCGTAAGTTGGTCCCA-1,1
CCGTACCCAAGCGCCA-1,3
CCTAAATTAACGGTTC-1,4
CCTAACCCAAACAAGT-1,1
CCTACGGCTCAGTCGA-1,3
CCTACTGCTTACACTT-1,2
CCTAGGCGTAGCGATC-1,1
CCTATAATGAGTGCCC-1,1
CCTATCTATATCGGAA-1,1
CCTATGGGTTACCGTC-1,1
CCTCACCAATCTTGAC-1,3
CCTCATGCAGCTACGA-1,2
CCTCCGACAATTCAAG-1,2
CCTCGAAGTGGACGGG-1,5
CCTCGCCAGCAAATTA-1,1
CCTCGGACCGGGATAG-1,1
CCTCTAATCTGCCAAG-1,1
CCTCTCTCCCATCTAG-1,2
CCTCTGGCCTAGACGG-1,1
CCTGAACGATATATTC-1,1
CCTGAATATTTACATA-1,1
CCTGACAAACTCGCGC-1,4
CCTGACCACCGATGGT-1,4
CCTGCGATAGAACTGT-1,3
CCTGCTATTTGAGAAG-1,2
CCTGGCTAGACCCGCC-1,2
CCTGTAAGACATGATA-1,2
CCTGTCACCCGGGCTC-1,4
CCTGTCGCCCGTAAAT-1,4
CCTTCTTGATCCAGTG-1,1
CGAACAGTATGGGCGT-1,1
CGAACGCCCAGTGCCG-1,5
CGAAGTTGCTCTGTGT-1,2
CGACAATTTGATCTAA-1,1
CGACACGCTCCGACAG-1,1
CGACAGTTCGCGTTAT-1,2
CGACTCAGGATGTTAT-1,5
CGAGACCCTAGAGTGT-1,4
CGAGAGATGTGAACCT-1,1
CGAGCACTTCAAGTTT-1,2
CGAGCTGGGCTTTAGG-1,1
CGAGGCCAGGCATTGG-1,3
CGAGGCTAAATATGGC-1,1
CGAGGGACTGCGGTCG-1,1
CGAGTTCTGTCCCACC-1,1
CGAGTTTATCGGACTG-1,1
CGATACCTCGCGGACA-1,2
CGATCCGACCCAGTGC-1,2
CGCAAACACGAGTTAC-1,3
CGCAATTACTTTCGGT-1,3
CGCAATTAGGGTAATA-1,2
CGCAATTCTACAATAA-1,1
CGCACATGTCCACTAC-1,1
CGCACGTGCGCTATCA-1,1
CGCAGGCGATCCAAAC-1,1
CGCATGGTGCGATGCT-1,4
CGCATTAGCTAATAGG-1,4
CGCCATCCGATTATGA-1,1
CGCCCGCTTCCGTACA-1,1
CGCCCTTGAAGGCTGA-1,2
CGCCGCCCATGCCTGT-1,1
CGCCTCCCTCCTCTAT-1,1
CGCGCCCGACTTAATA-1,1
CGCGGCAGTATTACGG-1,3
CGCGGCTCAACTTGAA-1,1
CGCGGGAATTAGGCAG-1,1
CGCGTTCATGAAATAC-1,2
CGCTACGGGACATTTA-1,2
CGCTAGAGACCGCTGC-1,1
CGCTATACCGCCCACT-1,3
CGCTATTCAATGTATG-1,3
CGCTATTCTTAGGCTC-1,2
CGCTCGACATAATGAT-1,3
CGCTCTCCGTAGATTA-1,2
CGCTGGTGACTACCCT-1,1
CGCTGTGACGCCGCAC-1,2
CGCTTCCACTGAAATC-1,3
CGCTTTCATACCGGTG-1,2
CGCTTTCTTGCATTCG-1,1
CGGAAAGCAAATGTGC-1,4
CGGAGCATGGCGATCC-1,4
CGGAGTTTGAGAGACA-1,2
CGGATAAGCGGACATG-1,2
CGGCACTCAAGAAAGT-1,3
CGGCAGGGTCGGGTTG-1,1
CGGCCACGCACAAAGT-1,2
CGGCCCAGGTATATCC-1,5
CGGGAATATAGTATAC-1,5
CGGGAATTTATGTAAA-1,4
CGGGAGCTTCAGTGTA-1,1
CGGGAGTATACCGCCG-1,2
CGGGATCAATGTAAGA-1,4
CGGGCAGCTAAACCGC-1,2
CGGGCCATAGCCGCAC-1,3
CGGGCCTTCTTTGTAA-1,2
CGGGTGTACCCATTTA-1,1
CGGTACTAGAATCAAA-1,1
CGGTCAAGTGGGAACC-1,1
CGGTCTATCAACCCGT-1,5
CGGTGTACTTGATCCC-1,3
CGGTTATCCAACAGTG-1,5
CGGTTCCGGCTTCTTG-1,2
CGTAAACGCTTGAGTG-1,3
CGTACCTGATAGGCCT-1,1
CGTAGCGAATTGTCAG-1,5
CGTATTAAGAGATCTA-1,2
CGTCAGCTATTTACTC-1,2
CGTCATACCATATCCA-1,2
CGTCGCGGCGGGATTT-1,3
CGTCGGATAGTGTTGA-1,1
CGTCGTCCTTCGCGAA-1,2
CGTCTGGAAGGGCCCG-1,1
CGTGAAGTTAATTCAC-1,2
CGTGCAGACTGGGACA-1,1
CGTGCCCTCCCGAAGA-1,1
CGTGCTGGCCTAGTCG-1,3
CGTGGCCGAATATCTA-1,1
CGTGTCCCATTCGCGA-1,3
CGTTGAGCGACCGTCG-1,1
CGTTGTAAACGTCAGG-1,2
CGTTGTTTCAATTCCC-1,2
CGTTTAAGCGGAGCAC-1,5
CGTTTCGCTCATTACA-1,2
CTAAAGAATGCCTACT-1,2
CTAAAGGGAAATAGGA-1,4
CTAAATCCTATTCCGG-1,5
CTAACCGCGCGCCCGT-1,2
CTAACGAAACTTGCTG-1,5
CTAAGGGAATGATTGG-1,1
CTAATTCGCACGCGCT-1,3
CTAATTTCAACAACAC-1,3
CTACCCTAAGGTCATA-1,1
CTACGCACGGAGTACC-1,2
CTACTATCTTTCAGAG-1,1
CTACTCTAGGCCCGGC-1,2
CTACTGCCACCTGACC-1,4
CTAGATTTACGACGGC-1,1
CTAGCATAGTATAATG-1,4
CTAGGCGCCCTATCAG-1,1
CTAGTCACGTCTTAAG-1,4
CTAGTGAAGGACAGGA-1,2
CTAGTTGGGCCCGGTA-1,1
CTATCGACGAAATACA-1,1
CTATCGGGTCTCAACA-1,4
CTATGTCACTAGCCCA-1,4
CTATGTCTATTGAAAC-1,5
CTATTTGGTTACGGAT-1,1
CTCAGGACTCACCTGT-1,3
CTCAGTCACGACAAAT-1,5
CTCATGGCTCACAATC-1,5
CTCATTTGATGGGCGG-1,1
CTCCGGCCTAATATGC-1,1
CTCCGGCTTGTAGACA-1,3
CTCCTAAGTTATGTCT-1,3
CTCGAGGTCGAACAGT-1,4
CTCGCACCTATATAGT-1,1
CTCGGTACCACTGCTC-1,1
CTCGGTCCGTAGCCTG-1,2
CTCTATTTGGCTGCAG-1,4
CTCTCACAATCGATGA-1,1
CTCTGGACGCCTGGTG-1,4
CTCTGTTTGAGGATTC-1,5
CTCTTCTATTGACTGG-1,1
CTGAAAGAGATCCGAC-1,1
CTGACTGCGCAGCTCG-1,5
CTGAGCAAGTAACAAG-1,3
CTGCACAACTACATAT-1,1
CTGCACCTGGAACCGC-1,2
CTGCCAAGGTTGGAAG-1,1
CTGCCATGCATCACAT-1,4
CTGCGGGTGAAATGTT-1,2
CTGCTTGGCGATAGCT-1,1
CTGGAAATGGATGCTT-1,2
CTGGAAGACACGGTGG-1,1
CTGGCGACATAAGTCC-1,5
CTGGCGCACAGGTCTG-1,1
CTGGCGGGAATAAGTA-1,3
CTGGCTGATTCATCCT-1,1
CTGGGATAAATAATGG-1,1
CTGGGTAGGCAGTTAA-1,1
CTGGTAACACATAGAA-1,1
CTGGTAACGAGCTCTT-1,5
CTGGTCATTCCAATCC-1,2
CTGGTTTCGAGCAAGA-1,1
CTGTACTTCTTAGCAT-1,2
CTGTATGGTGTAGAAA-1,3
CTGTCAAATGGCTCGG-1,5
CTGTGCAGGGTAGGTC-1,1
CTGTGGTCGGGAGATA-1,1
CTGTTCACTGCCTGTG-1,4
CTGTTCATCTCACGGG-1,3
CTTAACTTCGAAGTAC-1,5
CTTACACGGTATTCCA-1,2
CTTACACTGGGAAATA-1,2
CTTAGCCTTCCACATG-1,1
CTTATGTTGACTACCA-1,3
CTTCATAGCTCAAGAA-1,3
CTTCATTGTCAGTGGA-1,2
CTTCGTAGATAGGTGA-1,2
CTTCTTACGTCGTATA-1,1
CTTGAGGTTATCCCGA-1,3
CTTGAGTTAGGGTAAT-1,1
CTTGTACTTGTTGACT-1,2
CTTGTCAACATTCGAG-1,4
CTTGTGAGTCTTTGAC-1,2
CTTGTTGCTGAGTCAA-1,1
CTTGTTTATGTAGCCA-1,3
CTTTAACTTTCAAAGG-1,1
CTTTAATATTGGTCGA-1,4
CTTTACCGAATAGTAG-1,1
CTTTAGGAACACTGTT-1,1
CTTTAGTGCTATTATT-1,4
CTTTGGCTTTAGTAAA-1,2
GAAACAGATGACCACC-1,1
GAAACAGCCATGCAGT-1,5
GAAACTCGTGCGATGC-1,2
GAAACTCTAATGAAGG-1,5
GAAAGAACAGCGTTAT-1,5
GAAAGTGACTAACTGC-1,3
GAAATACTAAACGTTT-1,3
GAAATCGCGCGCAACT-1,1
GAAATCTGACCAAGTT-1,4
GAAATGGCGGTGTTAG-1,2
GAAATGGGATGTAAAC-1,3
GAAATTGTCTCTATAA-1,2
GAACACACATCAACCA-1,2
GAACGACCGAATGATA-1,1
GAACGTCTCATGGTCG-1,1
GAAGAACGGTGCAGGT-1,3
GAAGCGTGAGGAATTT-1,2
GAAGCTTGCTGACCGC-1,3
GAAGTCTCCCTAGCGA-1,1
GAAGTGATTTATCGTG-1,2
GAAGTGCTGGATAGCT-1,1
GAAGTTTCCACTCAAT-1,2
GAATAGACGCGACCCA-1,1
GAATCGACATGGTCAC-1,3
GAATCTGAACATTCTC-1,4
GAATGCCGAAATGACC-1,2
GAATGTGGTCCGGATT-1,1
GAATGTTGGGTAATCT-1,1
GAATTATAGTGAAAGG-1,4
GAATTTCTCGCTGCAG-1,2
GACAAACATATGCAGG-1,1
GACAACGACCATTGAA-1,1
GACAACGCAGCTTACG-1,4
GACACAAGGGAAGAAA-1,1
GACACGAGTTAGAGGA-1,3
GACAGCCAGACCTGAC-1,1
GACCAGAGCCCTGTAG-1,2
GACCGTGCTGACGGTG-1,2
GACGACGATCCGCGTT-1,4
GACGCCTGTTGCAGGG-1,3
GACGGTCAATAGAAGC-1,5
GACGTGAGACTCCATG-1,2
GACGTGTAGGGATTAT-1,2
GACTAAGATCATGCAC-1,2
GACTAAGTAGGCTCAC-1,3
GACTCGCGGGAATGAC-1,5
GACTGCACCAGCCCAG-1,1
GAGACTGATGGGTAGA-1,2
GAGAGGGCGCGAGGTT-1,2
GAGATCTGCTTGGCAT-1,2
GAGATCTGTCACTCCG-1,1
GAGATCTTCCATGACA-1,1
GAGATGGGAGTCGACA-1,4
GAGCATCATCCCTGGG-1,2
GAGCCAGCTACCTGTG-1,1
GAGCGAGGGAGTACCG-1,1
GAGCGCGCACGAGTAG-1,1
GAGCTAAGGGCATATC-1,1
GAGCTCTCGGACCTAA-1,3
GAGGAATGGAGAGGTT-1,2
GAGGGCATCGCGTATC-1,3
GAGGGCGCAGCTCTGC-1,1
GAGGTACATCCATCTT-1,5
GAGGTCCCAAAGATCT-1,3
GAGTACGGGTATACAA-1,2
GAGTCCGCTTACCGGA-1,4
GAGTGTGCGGTACCCA-1,1
GATAAATCGGTGGATG-1,3
GATAACTCGCACTGTG-1,1
GATAAGGCAGATGCAA-1,2
GATATCTCATGCAATA-1,5
GATATGAGACACTAAC-1,1
GATATTGAGATTGGCG-1,5
GATCATTCCAAACATT-1,2
GATCCCTTTATACTGC-1,4
GATCCGGGAATTAACA-1,4
GATCCTAAATCGGGAC-1,5
GATCGACACTATCTGA-1,2
GATCGCGGGCTCTCCA-1,2
GATCGCTACCCGATTT-1,1
GATCGGCGATAAGTCG-1,2
GATCGGTGGCCATAAC-1,1
GATCGTGACTGATATC-1,4
GATCTTGGAGGGCATA-1,1
GATCTTTGCAGGGTAT-1,2
GATGCCAGCAGAAGGC-1,2
GATGCGTCCTGCATTC-1,2
GATGCTACAAGCGCCT-1,4
GATGCTGTATTTCATC-1,1
GATGGCGCACACATTA-1,3
GATGTTCAATCCACGA-1,2
GATGTTTGTGCGAGAT-1,3
GATTAACCGAAAGCCC-1,5
GATTCCCTTGTCGCAG-1,1
GATTCCGCGTTTCCGT-1,5
GATTCCTATACGGCGC-1,2
GATTCGACGGTTCACG-1,4
GCAAACCCTACATTAT-1,1
GCAAATATTACGCTTT-1,2
GCAACAGCAGTATGCG-1,1
GCAAGTGCACAGAGAA-1,3
GCACAAGTGGATCATA-1,4
GCACTAGTCGCGCTAT-1,2
GCACTGTGCAAATGTA-1,2
GCAGACCCAGCACGTA-1,5
GCAGATCCATAAGACT-1,1
GCAGATTAGGGATATC-1,2
GCAGCACACAGCCCAG-1,2
GCAGGACTATAGAATA-1,2
GCATAGAGCACTCAGG-1,2
GCATCCCTAACTTTGA-1,3
GCATCGGCCGTGTAGG-1,1
GCATGAGGGACGCGGC-1,1
GCCCACCAAGGCTGTC-1,2
GCCCAGTTGGTATGCC-1,3
GCCCGCGCGTTTGACA-1,3
GCCCGTAATACCTTCT-1,1
GCCGAAATTCCTACGT-1,2
GCCGATTGGCCAAGCT-1,2
GCCGCTTGTGAGAAAC-1,2
GCCGGGTTAGGGTCGC-1,2
GCCTAGCGATCTGACC-1,3
GCCTATAGTGTCAGGG-1,1
GCCTATTCCGATATAG-1,3
GCCTCATCTGGAAATA-1,1
GCCTCTATACATAGCA-1,1
GCCTTCAGCCCTACCG-1,4
GCCTTGTATATGCAGT-1,2
GCGAAACGATCGGGAG-1,1
GCGAAACTTAACTGGA-1,1
GCGAAGCCATACCCGT-1,4
GCGAGAAACGGGAGTT-1,3
GCGAGGCCCGAGCAGA-1,2
GCGAGTTCTGCAAAGA-1,4
GCGATTGTTAACGTTA-1,1
GCGCAAGAGCGCGCTG-1,1
GCGCATCCAGTCAGCA-1,5
GCGCCGTTCCACGATA-1,4
GCGCTAATTGAATAGA-1,4
GCGCTGCTTTGCATTT-1,1
GCGGAGAGGGAGAACG-1,1
GCGGCTCTGACGTACC-1,2
GCGGGAACCAGGCCCT-1,2
GCGGTCCCTAGACGCA-1,2
GCGGTGCGGAGCATCG-1,4
GCGTAAATGGCCATAA-1,5
GCGTCGAAATGTCGGT-1,1
GCGTCTCTGCATTGGG-1,2
GCGTGGTACTGGGTTA-1,1
GCTAAACCTGAGGTGA-1,2
GCTAAGTAGTTTCTCT-1,1
GCTAATACCGAATGCC-1,3
GCTACGACTTATTGGG-1,1
GCTACTATAGTAGAGT-1,1
GCTAGACCGTCTACTG-1,5
GCTAGGCACCACGGAG-1,1
GCTAGTAGAGCTTGTA-1,4
GCTAGTTTCATTGAGG-1,3
GCTATACGTCTCGGAC-1,1
GCTATCATACTCATGG-1,1
GCTATCGCGGCGCAAC-1,3
GCTCGCTCATGTCCAA-1,1
GCTCGGAATTTAAAGC-1,5
GCTCTAAACCCTGACG-1,4
GCTCTATGTTACGTGC-1,3
GCTCTCGGGTACCGAA-1,4
GCTGAGCAACGGTTCT-1,4
GCTGAGGCGTGAGTAT-1,4
GCTGCACGGTTTCTTA-1,1
GCTGCTACTGCGTAGC-1,4
GCTGCTCTCCGGACAC-1,4
GCTGGCATATTCACCT-1,2
GCTGTTGCTACCGAAC-1,1
GCTTAATGTAACTAAC-1,1
GCTTATGAAGCAGGAA-1,1
GCTTCCGTCCCTAGAC-1,1
GCTTGATGATAATCAG-1,3
GCTTGGATCGATTAGG-1,5
GCTTTCAGAGGAGGTG-1,1
GGAATGCGCTAGCGTG-1,1
GGACCAACAGGATAAC-1,4
GGAGAAGTCATTGGCA-1,3
GGAGACGACACCTTTG-1,1
GGAGCACCAAGAACTA-1,5
GGAGGGCTTGGTTGGC-1,1
GGAGTACACATGAGCT-1,4
GGAGTGCCGCCCTGGA-1,4
GGATCCGGAATATACT-1,1
GGATGAAGATCGCTGA-1,1
GGATGACGCGAGTTTA-1,2
GGATGTCCTTACCGCA-1,1
GGATTCAGTACGGTGG-1,3
GGATTCCGCTATACCC-1,5
GGATTTCACTTCTATA-1,1
GGCAAATTACTTTACT-1,2
GGCAAGGCGAAATAGC-1,1
GGCAATAGTCAATGAG-1,1
GGCACTCCACTGGGCA-1,2
GGCAGCAAACCTATGC-1,5
GGCATACAGGTAGCGG-1,2
GGCGAAATCTAACTTG-1,1
GGCGCATGAATTGATG-1,2
GGCGCGTTCGAGTTTA-1,4
GGCGCTCCTCATCAAT-1,3
GGCGGAGTAATATTAG-1,2
GGCGGTAGGATCATTG-1,1
GGCGTCCTATCCGCTG-1,2
GGCTATTAAGTTGTAT-1,2
GGCTCGCGTTGAGGTA-1,1
GGCTCGTGCCACCAGC-1,3
GGCTCTGCTCCAACGC-1,1
GGCTGAAATAGCAAAG-1,1
GGCTGGCTAGCTTAAA-1,3
GGGACTGCATAGATAG-1,2
GGGAGAACTCACAGTA-1,4
GGGAGGATGCCCGAAA-1,2
GGGAGTTAATGAGGCG-1,1
GGGATTTACCGCACCT-1,1
GGGCCCGTCTTAAACA-1,2
GGGCCGGCCGAAGTAC-1,1
GGGCGAATTTCTCCAC-1,4
GGGCGATATGTGTGAA-1,4
GGGCGGTCCTATTGTC-1,3
GGGCGTACATTTATAT-1,2
GGGCTCATCGAACCCA-1,5
GGGCTGCCTAGGGCGA-1,4
GGGCTGGTTAGTCGCG-1,2
GGGTAATGCTGTGTTT-1,3
GGGTACCCACGGTCCT-1,3
GGGTACTTCATGAACT-1,2
GGGTATGTATGCACTT-1,2
GGGTCACCGTGACGGT-1,2
GGGTCATGCGTACCAT-1,2
GGGTGTTTCAGCTATG-1,1
GGGTTCAGACGAACAA-1,2
GGGTTTAGGATAGGAT-1,5
GGTAACTATGTATCTG-1,2
GGTACAAACATGCTAT-1,2
GGTAGAAGACCGCCTG-1,1
GGTAGTGCTCGCACCA-1,4
GGTATTGCCGAGTTTA-1,2
GGTCAGTGGGTCCCAC-1,4
GGTCGGCCAGGAGCTT-1,1
GGTCGGTAATTAGACA-1,3
GGTCTGAGAATCTGGA-1,1
GGTGAGATGCAGATAA-1,3
GGTGATAAGGAGCAGT-1,1
GGTGCGGATAAGTGGC-1,2
GGTGCTGATCACAAAG-1,2
GGTGCTGGTACACATT-1,2
GGTGGACTGCTCTGGC-1,1
GGTTAGCTATATGTCT-1,1
GGTTAGGCTTGGAGAA-1,3
GGTTAGTTACGGCGCC-1,2
GGTTTACAATCTCAAT-1,1
GGTTTAGCCTTTCTTG-1,5
GGTTTCAATCGGTCAG-1,1
GGTTTGAGTGCTGGAA-1,2
GTAAGCGGGCAGTCAG-1,4
GTAAGTAACAGTCTGG-1,1
GTAAGTAGGGTATACC-1,3
GTACACTTACCTGAAG-1,4
GTACAGAGGCAAGGGT-1,1
GTACGACGGCGCTGCG-1,3
GTACGAGATTGCGACA-1,4
GTACGCTTCATTGCAC-1,1
GTACGTTTGCCCGTCA-1,1
GTACTAAGATTTGGAG-1,2
GTACTGCATGAAGCGT-1,2
GTACTGGAGTTAGACC-1,1
GTACTTGGGCACTTCT-1,3
GTAGAAACGGGTGGAG-1,2
GTAGACGTCGTTACAT-1,2
GTAGCCAAACATGGGA-1,4
GTAGCGGCTATACACT-1,4
GTAGCTTCCTCTTGTT-1,1
GTAGGTGATCCGTGTA-1,1
GTAGTCGCGGGAATCA-1,1
GTATAGGACTCAGTAG-1,4
GTATCAAACGTTAGCT-1,1
GTATCAGCTTGGGTTC-1,3
GTATCTTTCATAACCA-1,4
GTATGTGGGTCTAGTT-1,1
GTATTAAGGCGTCTAA-1,3
GTCAAAGTTTACATAG-1,3
GTCAAGCGGACTCGGG-1,1
GTCACTCTCCAAATCT-1,3
GTCAGAATAGTCTATG-1,2
GTCATGCACCTCCGTT-1,4
GTCATGGACATGACTA-1,4
GTCATTAGAGCGAACG-1,4
GTCCATTACTGCTACG-1,5
GTCCCAACGTAAAGTA-1,1
GTCCGGACCTGAAATT-1,1
GTCCGGCTGAATTGCG-1,2
GTCCTACAGGCGGCTC-1,2
GTCCTACGAATAGTCT-1,1
GTCGCGTAACCCGTTG-1,1
GTCGGATATCTCAGAC-1,2
GTCGGATGTAGCGCGC-1,5
GTCGTACCATCTCGGG-1,4
GTCGTTATTCGCTTAT-1,1
GTCTATCTGAGTTTCT-1,2
GTCTATTGGTTCCGGT-1,1
GTCTCGATCTGCTTTC-1,5
GTGAAACGGCGCCACC-1,5
GTGAAACGTGCTCCAC-1,2
GTGACCGCACACTACG-1,1
GTGAGGACACTTAAGG-1,1
GTGATCACTAACGCCT-1,1
GTGATCATAGATCTGC-1,4
GTGCAACAAATGTGGC-1,5
GTGCACGAAAGTGACT-1,1
GTGCCCGTTCGGATTC-1,1
GTGCGACAGGGAGTGT-1,1
GTGCGGGTCTCCAAAT-1,4
GTGCGTGTATATGAGC-1,1
GTGCTCAAGTACTGTC-1,2
GTGGACGTGCTGAGAC-1,3
GTGGGCTTAGACACAC-1,3
GTGGTGGCCAAGTGAA-1,1
GTGTACCTTGGCTACG-1,1
GTGTCGTATAGCGTTC-1,1
GTGTGAATAACTTAGG-1,1
GTGTGTCGACGTCGCT-1,4
GTGTTACTATGCGTCC-1,1
GTTAAAGTAGGACTGG-1,1
GTTACCTACAACTTGC-1,4
GTTACTTTGGGCCTAG-1,1
GTTATTAACGTGGGAG-1,2
GTTCACAGGAGTCTAG-1,2
GTTCCAGTCTGACCAT-1,4
GTTCGCCATAAGTGCC-1,2
GTTCGTCTAAAGAACT-1,1
GTTCTTCCCTCGATGT-1,4
GTTGAGTCCCGCCGGT-1,1
GTTGCACGGAGTTTCG-1,2
GTTGGATTGAGAACAC-1,1
GTTGGATTTGCGTTGG-1,2
GTTGTCGTGTTAGTTG-1,2
GTTTACGTTCCATCTG-1,4
GTTTCCTGGAGGGTGA-1,2
GTTTCTGCAGTCTCCC-1,4
GTTTGACCAAATCCTA-1,2
GTTTGGCCCAAGTTAT-1,1
GTTTGGCCGCTCAGCG-1,3
TAAACGTCGTCAATGA-1,2
TAAAGCGTTAGGAGAA-1,1
TAAATGAATCCGTTTC-1,3
TAACAAAGGGAGAAGC-1,3
TAACATACAATGTGGG-1,4
TAACCTACCGTCCGAG-1,5
TAACGCTTTGAGAGCG-1,2
TAACTATCGAAGGTCC-1,3
TAACTCCATGGAGGCT-1,3
TAAGGAACTTGTGGGA-1,3
TAAGGCAACATAAGAT-1,1
TAAGGCTGAATCCCTC-1,1
TAAGTTGCGACGTAGG-1,1
TAATACACAGTAGTAT-1,1
TAATAGTGACGACCAG-1,1
TAATATTGAAATTCGC-1,2
TAATCGATCCGTACGT-1,5
TAATGAAAGACCCTTG-1,2
TAATTAGATGGATATG-1,2
TACAACGCACAACTCA-1,2
TACAAGTCTCGTGCAT-1,2
TACATAGGCATACACC-1,2
TACATCTTGTTTCTTG-1,4
TACATTTCTAACGTGC-1,2
TACCAATAAAGTACCA-1,1
TACCGCGGACTTGCAG-1,1
TACCGGCTCACTGCCC-1,4
TACCGTGCCTCGGACC-1,4
TACCTCACGCTTGTAC-1,1
TACCTGCTGCACTGTG-1,2
TACGAACACGACTTCA-1,2
TACGACTGCCTCTTAG-1,4
TACGAGAACTTCACGT-1,2
TACGATGTTGATCATC-1,2
TACGCAGTTCTTTCCT-1,2
TACGCCATATTCTAAT-1,2
TACGGGATGCTAGCAG-1,5
TACGTGCACTATGCTG-1,3
TACTCTCCGAACAAAT-1,5
TACTTGTTAGTAGTCC-1,1
TACTTTACTGAGCCGG-1,1
TAGAAACACAATAGTG-1,4
TAGAAAGGTGGCGCTA-1,1
TAGACGCCCGTACCGG-1,1
TAGAGGTTCTACTTGT-1,5
TAGAGTCTAAGCGAAC-1,2
TAGCAACCTGTCACAA-1,2
TAGCCAGAGGGTCCGG-1,3
TAGCCATTTCAAAGTC-1,1
TAGCCGGCGGTCAGCG-1,1
TAGCGTCCGGTGTGGT-1,1
TAGCGTTGGGTCTTAC-1,4
TAGCTAAGTCCGGGAG-1,2
TAGGCATGTTACGCCA-1,5
TAGGGAGCTTGGGATG-1,1
TAGGGTGTTTCAAGAG-1,2
TAGGTCCAAGTAAGGA-1,2
TAGGTCGCCGGAACTG-1,5
TAGGTGAGCCCTACTC-1,2
TAGGTGCTCGCCTAGC-1,1
TAGGTTCGAGTTCGTC-1,4
TAGTACCTTAGTGGTC-1,2
TAGTCCGCAGAGAATG-1,2
TAGTCCGTATGCATAA-1,2
TAGTCGATCACGGGTT-1,1
TAGTGCCCTCCAGAGT-1,2
TAGTGTCAGAAACGGC-1,2
TAGTTTATTCTTGCTT-1,1
TATAAATCCACAAGCT-1,3
TATAAGTGAGGATAGC-1,3
TATACACGCAAAGTAT-1,3
TATACTCATGCGGCAA-1,2
TATAGATGGTCGCAGT-1,1
TATATCCCTGGGAGGA-1,5
TATCCAATTGGTTATC-1,1
TATCCATATCATGCGA-1,4
TATCGATCTATGCATA-1,5
TATCGATGATTAAACG-1,2
TATCTACAGAGGTAAT-1,2
TATCTACCACAGCGGG-1,4
TATGAAGACAGGTGCG-1,2
TATGCTCCCTACTTAC-1,4
TATGGATGTGCTACGC-1,2
TATGGCCCGGCCTCGC-1,2
TATGGGACCGAGCAGG-1,2
TATGGGTACGTATCGT-1,2
TATGGTCTGAGTAACA-1,2
TATGGTTAGTGGGAGA-1,5
TATGTCTCATTGTGCC-1,1
TATTACCATCCTGCTT-1,1
TATTCAATTCTAATCC-1,1
TATTCCGAGCTGTTAT-1,1
TATTCGTGCCAGAATA-1,4
TATTTAGTCTAGATCG-1,1
TATTTATACCGAGTAG-1,5
TATTTGTTACCCTTTA-1,3
TCAAACAACCGCGTCG-1,4
TCAAACTTAGATTGTT-1,4
TCAACACATTGGGTAA-1,2
TCAACCATGTTCGGGC-1,2
TCAACGAGGAGACAAA-1,2
TCAAGGTTACTACACC-1,5
TCACAGATCCTCAAAC-1,3
TCACAGGGAATCGCAA-1,1
TCACAGGTTATTGGGC-1,2
TCACATCTTATCTGAT-1,2
TCACCCTCTTAAGATT-1,4
TCACCGCTCGGCACTC-1,5
TCACGCATTGTAGATC-1,2
TCACGGTCATCGCACA-1,3
TCACGTGCCCGATTCA-1,4
TCAGACGCTATAGAAG-1,4
TCAGCAAATGCATCTC-1,1
TCAGGGCGCAAACTCG-1,2
TCAGGGTGTAACGTAA-1,1
TCAGGTTCTTTGAGAA-1,3
TCAGTACTGACCCGCG-1,3
TCATACTTACAGATCC-1,2
TCATCACTCGAGCTCG-1,3
TCATGCAGGTTCTCAT-1,5
TCATTTAAGTCTCCGA-1,5
TCCAACTTTAAATTCT-1,2
TCCACAATGGTTTACG-1,3
TCCACTTTATCTAGGT-1,1
TCCAGAGCACCGGTTC-1,4
TCCAGGCGAGTACGGT-1,2
TCCCAAAGACGAAGGA-1,4
TCCCAGCTTTAGTCTG-1,2
TCCCAGGCTTAGCTAA-1,2
TCCCGCGTACTCCTGG-1,1
TCCCGGGTGTGCTGCT-1,2
TCCCGTCAGTCCCGCA-1,1
TCCCGTGTGCAATTTG-1,1
TCCCTGGCTCGCTGGA-1,2
TCCGATAATTGCCATA-1,1
TCCGATGACTGAGCTC-1,1
TCCGATGGTGCGACAT-1,2
TCCGATTACATTGCCG-1,2
TCCGCGGCAGCATCTG-1,1
TCCGCGGCCCAATGAA-1,5
TCCGCTGTCATCCCGG-1,1
TCCGCTTATCCCATTA-1,4
TCCGTAACCACAATCC-1,2
TCCGTTAAGCTAATAT-1,1
TCCGTTTAGCCTTGAA-1,1
TCCTACATCCACGGCC-1,1
TCCTCGGGCTGGGCTT-1,1
TCCTCTACGAGATGGC-1,3
TCCTTACGACGGTCCG-1,1
TCCTTCAGTGGTCGAA-1,5
TCCTTTAAATCCGCTT-1,1
TCCTTTCTTACGCTTA-1,4
TCGAAATTTAGGACCA-1,2
TCGAAGAACCGAGCAC-1,1
TCGAGACCAACACCGT-1,2
TCGCAAAGATGCATTT-1,1
TCGCACCAGGAGGCAG-1,1
TCGCACTAACGTTTGT-1,4
TCGCATCCCTAAGTGT-1,3
TCGCCGGTCGATCCGT-1,1
TCGCGTCCAGAAGGTC-1,2
TCGCTCGATATATTCC-1,4
TCGCTGGGCGGATTGT-1,1
TCGCTGTGCGTAAATC-1,3
TCGCTTTAAACGTTTG-1,5
TCGGAATGCGCTCTGA-1,2
TCGGACGCCCAGCCCA-1,1
TCGGAGTACATGAGTA-1,1
TCGGCGAACCCAAACC-1,5
TCGGGCCGTCGTGGTA-1,1
TCGGGTGAAACTGCTA-1,5
TCGTAAGACGACATTG-1,1
TCGTATAGTGCAATTA-1,1
TCGTCACACTGTTAGC-1,2
TCGTCCGCTGGCGTCT-1,3
TCGTCTTAGGCGTTAA-1,1
TCGTGTACTATGGATG-1,1
TCGTTGGCTCGTCAAT-1,2
TCTACCGTCCACAAGC-1,1
TCTAGCATCTTCGATG-1,3
TCTAGCATGCCCAGAA-1,4
TCTAGTGATATCGTGG-1,1
TCTAGTTATCAGAAGA-1,2
TCTATCATGCAGTTAC-1,3
TCTATCGGTCGCAACA-1,1
TCTATTACGCTGGCGA-1,3
TCTCATGAGATAGGGT-1,1
TCTCCAACGTAGGTTA-1,5
TCTCCCTGGGCAGCGT-1,1
TCTCGGCTCCAGGACT-1,3
TCTCTAATAGCTGGTA-1,2
TCTGAACCGGTCGGCT-1,3
TCTGAACTCGTACCCG-1,1
TCTGAAGCACGTGGTC-1,1
TCTGAATTCCGTACAA-1,1
TCTGATGTATTCTGTC-1,1
TCTGCCAGAAACTGCA-1,1
TCTGCGTCCGGTTTCT-1,3
TCTGGGAACCTTTGAA-1,1
TCTGTGCCATCATAGT-1,1
TCTTAACTCGGATGTA-1,4
TCTTACAGAGGTACCG-1,2
TCTTACGGCATCCGAC-1,3
TCTTACTTATGCCTCT-1,1
TCTTAGAGTGAACTCT-1,1
TCTTCCCATGGGCACA-1,5
TCTTCGAATAGACGTT-1,4
TCTTCGATACCAATAA-1,4
TCTTCTATAACCCGCC-1,5
TCTTGATGCGTAGCGA-1,1
TCTTGGTAACACCAAA-1,1
TCTTTAAGACTATGAA-1,1
TGAAAGGACCTGACTC-1,1
TGAAGAGCGGTCCTAG-1,2
TGAAGTAGCTTACGGA-1,4
TGACATCGAGCGGACC-1,5
TGACCCACGTTAGACA-1,2
TGACGATGCACTAGAA-1,1
TGACTATAATCCTTTC-1,4
TGAGAATGCTTTACCG-1,4
TGAGAGATTTACCACG-1,1
TGAGCTTTAATGACGC-1,5
TGAGTGGTCCGTGACG-1,1
TGATCGGTTTGACCCT-1,2
TGATCTCCGGCGCCAG-1,2
TGATTCGTCTATCACT-1,2
TGATTTCCTCCTGACG-1,3
TGCAAGAATGACGTAA-1,4
TGCACTATGTGAGTGC-1,2
TGCAGAGTACCGAGCA-1,2
TGCAGGATCGGCAAAG-1,1
TGCAGTTTCCTCCCAT-1,1
TGCATATGTCTGTCAC-1,1
TGCATGGATCGGATCT-1,1
TGCATGTGGTAATCTA-1,1
TGCCACCTGGCGAAAC-1,1
TGCCAGTACGTGGAGA-1,4
TGCCATTACTAAAGAA-1,5
TGCCCGTACCGTTAAA-1,1
TGCCTGACATCGGTCA-1,3
TGCCTGATCAAACGAT-1,1
TGCCTTGGCCAGGCAA-1,1
TGCGCAAAGCATTTGG-1,4
TGCGCGATTAACGGAG-1,3
TGCGGAGTAAAGGTGC-1,1
TGCGGCATAGTTCAAC-1,1
TGCGGTGAAATTTCAT-1,5
TGCGTGATTGGGTGTC-1,3
TGCGTTTGTTGACACT-1,1
TGCTAAGTGTCTATTT-1,1
TGCTCCACAGTTCTTA-1,1
TGCTGGTTGGACAATT-1,3
TGCTGTTGAAGAACTC-1,4
TGCTTGAAACCATGCA-1,3
TGGAAGACGAACACCA-1,2
TGGAAGGATAAAGATG-1,1
TGGAATTAGACGCTTT-1,2
TGGACTGTTCGCTCAA-1,4
TGGAGTGATGCGATGA-1,3
TGGCAAACTAAATTAC-1,1
TGGCAACTCGCGCGCC-1,5
TGGCAGATTACGATCA-1,4
TGGCAGCAGTAATAGT-1,2
TGGCCAAACTGAAGTA-1,1
TGGCCGTATATTGACC-1,3
TGGCTTTGGGTAGACA-1,2
TGGGAAATGCCTTTCC-1,2
TGGGCAATAGTTGGGT-1,5
TGGGCACGTTCTATGG-1,1
TGGGCCACAAGAGCGC-1,1
TGGGCCCATACTAATT-1,1
TGGTAGAATATATGGG-1,1
TGGTCCCACGCTACGG-1,4
TGGTTCAACGGGTAAT-1,4
TGGTTCGTAGCAAAGG-1,4
TGTACGAACAAATCCG-1,2
TGTAGGAGAAATTTCC-1,1
TGTAGTGATCTATAAT-1,2
TGTATAACAGATCCTG-1,1
TGTATGGCGCAGACAG-1,1
TGTCCCGACATAGCAC-1,5
TGTCCTAAGTCACCGC-1,2
TGTCGGCATGGTGGAA-1,3
TGTGACTACGCCAGTC-1,1
TGTGCCGGTGCCGGAA-1,5
TGTGGCAAAGCGTATG-1,1
TGTGTCGCGAGTTGCA-1,3
TGTTATTGTATGTGGC-1,1
TGTTCCGCTTCCATGA-1,2
TGTTCGTATTGCGGTG-1,4
TGTTCTTCCATTGACT-1,2
TGTTGTCAAGAAGTCT-1,1
TGTTTCGGTACTTCTC-1,1
TTAAACAGAGTCCCGC-1,2
TTAAACTCGAATTCAT-1,5
TTAACACCTCGAACAT-1,2
TTAACCAACCCTCCCT-1,4
TTAACGTCGCAAGACC-1,5
TTAAGATAGGATTGAC-1,1
TTAAGCGCCTGACCCA-1,2
TTAATCAGTACGTCAG-1,1
TTAATGTAGACCAGGT-1,1
TTAATTTCAGACGCGG-1,1
TTACAACTACGCATCC-1,2
TTACATCGTGGCCTGG-1,3
TTACATGCCACAACTA-1,5
TTACCCTAACAGTCCT-1,2
TTACCGCCTTAGGGAA-1,3
TTACGGATGGTTCGAG-1,1
TTACTAAAGGACTTTA-1,1
TTACTCCGGCCGGGAA-1,1
TTACTGGGATATTTCA-1,2
TTAGACGAGTCACCTC-1,1
TTAGAGTTTAGAAGGA-1,1
TTAGATAGGTCGATAC-1,3
TTAGCAACATGGATGT-1,3
TTAGCTGATTTGCCGT-1,1
TTAGTTATTCGTGGCA-1,1
TTATATACGCTGTCAC-1,4
TTATATTTGGCAATCC-1,4
TTATCCAATCGAACTC-1,3
TTATCCGGGATCTATA-1,1
TTATCTGTATCATAAC-1,4
TTATGAATGAAAGGGA-1,4
TTATGACAAACTGGAT-1,3
TTATGATCTTAACGAA-1,1
TTATGTTTGCGATAGA-1,2
TTATTAGAGCGTGTTC-1,4
TTATTAGGGAAGCATC-1,1
TTCAAAGTCTCTAGCC-1,1
TTCAACGACCCGACCG-1,2
TTCAATACTCTGAATC-1,1
TTCACGAAAGGATCAC-1,2
TTCAGCCCTGGTCCAC-1,1
TTCAGCTGGCGTGCCC-1,1
TTCATAGGGTGTCCAT-1,4
TTCATGGCGCAACAGG-1,1
TTCCGCGTGAGGCGAT-1,4
TTCCGGTTACCCACTT-1,1
TTCCTCGAGGGTGTCT-1,2
TTCCTCGGACTAACCA-1,1
TTCCTTTCTGTGTTGC-1,3
TTCGACGGGAAGGGCG-1,3
TTCGCACTCGCGTGCT-1,3
TTCGCATCCGGAAGCA-1,3
TTCGGCTAGAGATGGT-1,3
TTCGGGACTAATCGCG-1,4
TTCGTACTCCAGAACG-1,2
TTCTAACCGAAGCTTA-1,1
TTCTACTTGCGAGGGC-1,3
TTCTAGGCCAATTGTG-1,3
TTCTGACCGGGCTCAA-1,1
TTCTGCCGCGCCTAGA-1,4
TTCTGCGGGTTAGCGG-1,1
TTCTGTTTCCTGTCGC-1,4
TTCTTAGTGAACGGTG-1,3
TTCTTAGTGGCTCAGA-1,1
TTCTTATCCGCTGGGT-1,1
TTCTTGGAGTAATGAG-1,1
TTCTTGTAACCTAATG-1,3
TTGAACGAATCCTTTG-1,2
TTGAAGAATTCCCAGG-1,2
TTGAATATGGACTTTC-1,1
TTGAATTCACGTGAGG-1,1
TTGACAGGAGCTCCCG-1,1
TTGACCATGTTCTCCG-1,1
TTGACGCTCCATGAGC-1,1
TTGACTATTGTCCGGC-1,5
TTGAGAAGTTTAGCAT-1,1
TTGATCTAACTTTGTC-1,2
TTGATGTGTAGTCCCG-1,5
TTGATTATGCAGATGA-1,3
TTGCACAATTCAGAAA-1,2
TTGCACGGAGCAGCAC-1,4
TTGCCCTGATCACGGG-1,2
TTGCGTAGTTTGAGGA-1,2
TTGCTCCCATACCGGA-1,1
TTGCTGAAGGAACCAC-1,2
TTGCTGATCATGTTCG-1,2
TTGCTGCACCTATCCA-1,2
TTGGACCTATAACAGT-1,1
TTGGATTGGGTACCAC-1,4
TTGGCCATCTTGCGCT-1,3
TTGGCTCGCATGAGAC-1,3
TTGGGACACTGCCCGC-1,1
TTGGGCGGCGGTTGCC-1,1
TTGTAAGGCCAGTTGG-1,1
TTGTAATCCGTACTCG-1,2
TTGTCGTTCAGTTACC-1,4
TTGTGAACCTAATCCG-1,1
TTGTGGCCCTGACAGT-1,1
TTGTTAGCAAATTCGA-1,3
TTGTTCAGTGTGCTAC-1,1
TTGTTGTGTGTCAAGA-1,1
